Store ID,Product ID,Current_Inventory,Forecast_7D,Forecast_14D,Avg_Daily_Forecast,Days_of_Cover,Demand_Mean,Demand_Std,Lead_Time_Demand,Safety_Stock,Target_Stock,Min_Projected_Inventory,Stockout Risk,Risk Level,Recommended_Order_Qty
S001,P0001,223,798.1248832941254,1596.2497665882508,114.01784047058935,1.9558342718964439,137.3064295485636,108.18785893813579,342.05352141176803,309.18833293086067,651.2418543426287,-1373.2497665882508,HIGH,HIGH,429
S001,P0002,217,1139.0549787631487,2278.109957526297,162.72213982330692,1.3335616175870788,131.03830369357044,104.31321989990398,488.1664194699208,298.1150646667686,786.2814841366894,-2061.109957526297,HIGH,HIGH,570
S001,P0003,69,1276.3936650905405,2552.787330181081,182.3419521557915,0.3784099006521931,141.4404924760602,107.21122514209723,547.0258564673745,306.39722699490005,853.4230834622746,-2483.787330181081,HIGH,HIGH,785
S001,P0004,338,973.4222783992179,1949.3118373909335,139.2365598136381,2.4275233491289776,140.90424076607388,113.6441170415594,417.1809764568077,324.7816847505202,741.9626612073279,-1611.3118373909335,HIGH,HIGH,404
S001,P0005,471,1612.1753546632267,3224.3507093264543,230.31076495188958,2.0450628962063013,133.1299589603283,107.36887290250596,690.9322948556687,306.8477659806002,997.7800608362688,-2753.3507093264543,HIGH,HIGH,527
S001,P0006,305,624.8395015573456,1249.6790031146913,89.26278593676366,3.416877445614019,130.6730506155951,109.01526133639567,267.788357810291,311.5529528678099,579.3413106781009,-944.6790031146913,HIGH,MEDIUM,275
S001,P0007,256,597.8564299646819,1195.712859929364,85.408061423526,2.9973751392217385,137.8235294117647,111.19889766930544,256.224184270578,317.79353183966754,574.0177161102456,-939.712859929364,HIGH,HIGH,319
S001,P0008,315,901.7433150862186,1803.4866301724371,128.8204735837455,2.445263483643539,137.1326949384405,108.69904492649799,386.46142075123646,310.64924310239576,697.1106638536322,-1488.4866301724371,HIGH,HIGH,383
S001,P0009,167,1455.3680410473792,2910.7360820947583,207.9097201496256,0.8032332489304288,131.43638850889192,107.08680253328265,623.7291604488767,306.0416416327728,929.7708020816494,-2743.7360820947583,HIGH,HIGH,763
S001,P0010,167,429.74284412997554,859.4856882599508,61.39183487571078,2.7202314499655444,132.3611491108071,105.91637083958466,184.17550462713234,302.696683818321,486.87218844545333,-692.4856882599508,HIGH,HIGH,320
S001,P0011,449,1438.4623328219968,2876.924665643994,205.494618974571,2.1849720554267247,132.4924760601915,109.90265124887547,616.4838569237128,314.08901015179947,930.5728670755122,-2427.924665643994,HIGH,HIGH,482
S001,P0012,213,1792.2104581538915,3584.4209163077826,256.0300654505559,0.8319335450903682,128.39124487004105,102.24027638373987,768.0901963516679,292.190832906261,1060.2810292579288,-3371.4209163077826,HIGH,HIGH,848
S001,P0013,356,520.3704157818613,1040.7408315637226,74.33863082598019,4.788896379237369,132.87414500683994,109.16111268388767,223.01589247794053,311.969779075754,534.9856715536945,-684.7408315637226,HIGH,MEDIUM,179
S001,P0014,293,852.7483940544006,1707.9640687012989,121.9974334786642,2.4016898687564763,136.62106703146375,110.66719227478023,365.4635974518859,316.27397958900696,681.7375770408928,-1414.9640687012989,HIGH,HIGH,389
S001,P0015,356,1119.61289483331,2239.22578966662,159.94469926190143,2.225769291779203,137.88645690834474,112.80404622056196,479.83409778570433,322.3808599330461,802.2149577187504,-1883.2257896666201,HIGH,HIGH,447
S001,P0016,74,1501.4721120282102,3002.9442240564204,214.49601600403003,0.34499475271657104,132.9329685362517,107.53893029050003,643.4880480120901,307.3337702403437,950.8218182524338,-2928.9442240564204,HIGH,HIGH,877
S001,P0017,282,606.9687247327983,1216.4047300580937,86.8860521470067,3.245630259766788,136.44870041039673,108.96537609105432,260.12945345691355,311.41038663166916,571.5398400885827,-934.4047300580937,HIGH,MEDIUM,290
S001,P0018,191,1424.3234322618189,2851.1141451161357,203.65101036543825,0.9378789707807643,138.81668946648426,109.09711293085292,610.4243281122081,311.7868752162727,922.2112033284807,-2660.1141451161357,HIGH,HIGH,732
S001,P0019,149,1249.038934227217,2498.0778684544334,178.43413346103097,0.8350420242466713,134.73050615595076,109.54662427486042,535.302400383093,313.071526418832,848.3739268019249,-2349.0778684544334,HIGH,HIGH,700
S001,P0020,242,799.0943097021235,1598.1886194042465,114.15632995744618,2.119899966039639,138.3638850889193,111.24549679398355,342.4689898723386,317.9267067246932,660.3956965970318,-1356.1886194042465,HIGH,HIGH,419
S002,P0001,415,1590.8365879642479,3181.673175928495,227.26236970917822,1.8260832206012143,145.00547195622434,113.5742710234577,683.4045556430274,324.58207294462363,1007.986628587651,-2766.673175928495,HIGH,HIGH,593
S002,P0002,364,474.48300951279685,948.9660190255937,67.78328707325669,5.37005530001234,128.78659370725035,106.05093573707896,203.34986121977005,303.08125466329045,506.4311158830605,-584.9660190255937,HIGH,MEDIUM,143
S002,P0003,372,503.26374765041595,1006.5274953008319,71.89482109291656,5.174225268871993,133.00547195622434,111.33821100723073,215.68446327874966,318.1916731757742,533.8761364545239,-634.5274953008319,HIGH,MEDIUM,162
S002,P0004,133,594.2926743376971,1188.5853486753942,84.89895347681387,1.5665681914008829,138.4268125854993,108.64648488267214,254.69686043044166,310.499032602911,565.1958930333526,-1055.5853486753942,HIGH,HIGH,433
S002,P0005,464,1777.594991257255,3555.189982514509,253.94214160817924,1.827187866738283,132.5718194254446,104.43645888526372,761.8264248245378,298.4672673705605,1060.2936921950982,-3091.189982514509,HIGH,HIGH,597
S002,P0006,160,430.9436092177419,861.8872184354838,61.563372745391696,2.598947927393675,133.26675786593708,105.04498046477056,184.6901182361751,300.20635135435356,484.8964695905287,-701.8872184354838,HIGH,HIGH,325
S002,P0007,53,1101.697544326851,2203.3950886537023,157.38536347526446,0.3367530425300938,137.62106703146375,112.77169344850438,472.1560904257933,322.28839946884654,794.4444898946399,-2150.3950886537023,HIGH,HIGH,742
S002,P0008,218,963.773084044989,1927.5461680899787,137.68186914928418,1.5833602590303983,128.8987688098495,106.8498402822629,413.0456074478525,305.36443104667336,718.4100384945259,-1709.5461680899787,HIGH,HIGH,501
S002,P0009,62,962.5000442671173,1927.4673691267326,137.67624065190947,0.4503318779364136,144.1532147742818,112.42161860021477,412.5000189716218,321.2879262197588,733.7879451913806,-1865.4673691267326,HIGH,HIGH,672
S002,P0010,419,762.5713218134892,1525.142643626978,108.93876025906987,3.846197616014411,135.44733242134063,112.86893066737879,326.81628077720967,322.56629214458394,649.3825729217936,-1106.142643626978,HIGH,MEDIUM,231
S002,P0011,156,1156.89376765447,2313.78753530894,165.27053823635285,0.9439068914805911,135.62927496580028,108.68977175552503,495.81161470905846,310.6227414569962,806.4343561660546,-2157.78753530894,HIGH,HIGH,651
S002,P0012,193,1689.7396185935556,3379.479237187112,241.39137408479374,0.7995314693067894,140.25718194254446,111.77827643111473,724.174122254381,319.44932903592957,1043.6234512903106,-3186.479237187112,HIGH,HIGH,851
S002,P0013,472,679.3467501405396,1358.6935002810787,97.04953573436276,4.863495702771063,134.22161422708618,106.21054367142533,291.1486072030884,303.53739559839585,594.6860028014842,-886.6935002810787,HIGH,MEDIUM,123
S002,P0014,342,1054.0356592702415,2108.071318540483,150.57652275289163,2.271270406218969,134.406292749658,105.0137912081489,451.72956825867493,300.1172160821072,751.846784340782,-1766.071318540483,HIGH,HIGH,410
S002,P0015,433,432.6409315603437,865.2818631206874,61.805847365763384,7.005809619234429,130.78796169630644,104.00118633453319,185.41754209729015,297.22330898510165,482.6408510823918,-432.2818631206874,HIGH,LOW,50
S002,P0016,258,1415.0617721752758,2830.123544350551,202.15168173932508,1.2762693724838332,138.24760601915185,108.40938507185744,606.4550452179753,309.8214288868975,916.2764741048728,-2572.123544350551,HIGH,HIGH,659
S002,P0017,236,432.5663463862454,865.1326927724907,61.79519234089219,3.8190673264371404,132.31053351573186,106.46327110498018,185.38557702267664,304.2596612447786,489.6452382674553,-629.1326927724907,HIGH,MEDIUM,254
S002,P0018,151,792.2180200356393,1584.4360400712783,113.17400286223416,1.3342286760309356,140.19425444596442,111.48600511636609,339.52200858670255,318.61405157080924,658.1360601575118,-1433.4360400712783,HIGH,HIGH,508
S002,P0019,409,572.2775130305536,1144.5550260611067,81.75393043293619,5.002817575058462,131.82626538987688,107.4316025524728,245.26179129880865,307.0270400330581,552.2888313318667,-735.5550260611067,HIGH,MEDIUM,144
S002,P0020,284,686.1151614705587,1372.2303229411175,98.01645163865125,2.8974727737237234,144.10807113543092,113.53653966400911,294.0493549159538,324.47424110247766,618.5235960184315,-1088.2303229411175,HIGH,HIGH,335
S003,P0001,138,643.8458204927867,1287.691640985573,91.97797435611236,1.5003591997547538,129.4391244870041,106.35729419659694,275.93392306833715,303.956791551693,579.8907146200302,-1149.691640985573,HIGH,HIGH,442
S003,P0002,388,711.2546263947439,1422.5092527894878,101.6078037706777,3.818604335506465,142.74965800273597,111.97201942201693,304.8234113120331,320.00302399728696,624.82643530932,-1034.5092527894878,HIGH,MEDIUM,237
S003,P0003,112,1049.7564365944365,2099.5128731888726,149.9652052277766,0.7468399074964579,126.6155950752394,102.90707992614607,449.8956156833299,294.0964799695499,743.9920956528797,-1987.5128731888726,HIGH,HIGH,632
S003,P0004,415,597.4022972663945,1194.8045945327892,85.34318532377065,4.8627198343440545,132.2298221614227,104.88645778759336,256.02955597131194,299.753311958166,555.782867929478,-779.8045945327892,HIGH,MEDIUM,141
S003,P0005,411,1067.707499550727,2137.882279693952,152.70587712099658,2.6914484743396216,144.1969904240766,109.33996019314995,457.5889283788831,312.4809044809555,770.0698328598386,-1726.8822796939521,HIGH,HIGH,360
S003,P0006,451,615.4957027216705,1230.991405443341,87.9279575316672,5.129199092763785,139.7715458276334,114.09931295432166,263.78387259500164,326.08258179021834,589.86645438522,-779.9914054433409,HIGH,MEDIUM,139
S003,P0007,108,424.697900460136,849.3958009202719,60.671128637162276,1.780088856528175,138.8016415868673,110.78787727331068,182.0133859114869,316.61888329513107,498.63226920661793,-741.3958009202719,HIGH,HIGH,391
S003,P0008,103,587.342805902595,1174.68561180519,83.90611512894215,1.2275624946014418,133.87688098495212,109.75859512814928,251.71834538682646,313.67731449340505,565.3956598802315,-1071.68561180519,HIGH,HIGH,463
S003,P0009,496,620.3614425140335,1240.722885028067,88.62306321629049,5.59673726002315,140.46785225718193,112.71413711169038,265.8691896488715,322.12391014440857,587.9930997932801,-744.7228850280669,HIGH,MEDIUM,92
S003,P0010,413,519.6064149678807,1039.2128299357614,74.22948785255439,5.5638266132236,136.00820793433653,109.32285947490756,222.68846355766317,312.4320326147666,535.1204961724297,-626.2128299357614,HIGH,MEDIUM,123
S003,P0011,137,1277.2963485548428,2537.9387841598536,181.28134172570384,0.7557313879952092,138.703146374829,108.62368483850555,558.339117119121,310.4338727253072,868.7729898444283,-2400.9387841598536,HIGH,HIGH,732
S003,P0012,108,1051.7600556791867,2103.5201113583735,150.2514365255981,0.7187951243421237,137.52257181942545,111.9082328160302,450.75430957679424,319.8207292873082,770.5750388641025,-1995.5201113583735,HIGH,HIGH,663
S003,P0013,388,641.7952204569727,1283.5904409139455,91.68503149385324,4.231879442894802,147.03009575923392,112.60350695220833,275.05509448155976,321.80774200023916,596.8628364817989,-895.5904409139455,HIGH,MEDIUM,209
S003,P0014,230,693.4593816272172,1381.321978922615,98.66585563732964,2.3311002424731506,143.89603283173736,113.02368583435276,301.80491493984573,323.0085644342729,624.8134793741186,-1151.321978922615,HIGH,HIGH,395
S003,P0015,270,907.8120257912358,1815.6240515824716,129.68743225589083,2.0819287983684767,138.3296853625171,108.01200812129186,389.0622967676725,308.6857717244725,697.748068492145,-1545.6240515824716,HIGH,HIGH,428
S003,P0016,166,731.1626261343479,1462.325252268696,104.45180373347829,1.5892497215612433,141.7797537619699,111.65492057297993,313.3554112004348,319.0967923233234,632.4522035237583,-1296.325252268696,HIGH,HIGH,467
S003,P0017,239,732.1970214473424,1466.8613234871823,104.77580882051302,2.281060892685837,143.0451436388509,107.77586782433052,313.7987234774325,308.01091018758757,621.8096336650201,-1227.8613234871823,HIGH,HIGH,383
S003,P0018,375,1537.9634572718535,3078.3941951362053,219.8852996525861,1.7054346088278374,132.02051983584133,108.30291545553044,659.1271959736516,309.5171510917453,968.6443470653969,-2703.3941951362053,HIGH,HIGH,594
S003,P0019,253,1414.038539884353,2830.5443603612034,202.18174002580025,1.2513494045887372,142.9876880984952,111.19987489640695,606.0165170932942,317.79632464120164,923.8128417344958,-2577.5443603612034,HIGH,HIGH,671
S003,P0020,417,1106.711787827132,2213.4235756542635,158.10168397530452,2.6375430641531645,137.55403556771546,108.505985035326,474.30505192591363,310.0975003607133,784.4025522866269,-1796.4235756542635,HIGH,HIGH,368
S004,P0001,497,1655.6205456512919,3311.241091302583,236.51722080732733,2.101326906783114,138.53625170998632,110.96888240446259,709.5516624219822,317.1361749330476,1026.6878373550298,-2814.241091302583,HIGH,HIGH,530
S004,P0002,181,504.5927491873948,1009.1854983747895,72.08467845534211,2.5109358032599545,130.44870041039673,103.44434561018655,216.2540353660264,295.6319228817201,511.88595824774643,-828.1854983747895,HIGH,HIGH,331
S004,P0003,419,602.2237987897319,1204.4475975794637,86.03197125567598,4.870282452959096,129.18741450068399,107.45779244176163,258.0959137670279,307.1018876942313,565.1978014612592,-785.4475975794637,HIGH,MEDIUM,147
S004,P0004,105,627.6057162264583,1255.2114324529168,89.65795946092263,1.1711174404517224,131.07250341997263,107.11691958827265,268.97387838276785,306.1277126773109,575.1015910600788,-1150.2114324529168,HIGH,HIGH,471
S004,P0005,217,506.7618167222124,1013.523633444425,72.39454524603035,2.9974634036657464,137.22161422708618,107.08327382082236,217.183635738091,306.03155698248304,523.215192720574,-796.523633444425,HIGH,HIGH,307
S004,P0006,364,641.1903038209613,1282.3806076419228,91.59861483156591,3.973859219043141,141.10396716826264,108.43642224442635,274.7958444946977,309.89869798525837,584.694542479956,-918.3806076419228,HIGH,MEDIUM,221
S004,P0007,134,439.34690295233514,878.6938059046703,62.76384327890502,2.134987167763793,130.38166894664843,105.83721355506863,188.29152983671503,302.47046149467894,490.761991331394,-744.6938059046703,HIGH,HIGH,357
S004,P0008,390,610.2931902737533,1220.5863805475067,87.18474146767905,4.473259809396579,134.5704514363885,106.93720550026958,261.5542244030372,305.6141106907365,567.1683350937737,-830.5863805475067,HIGH,MEDIUM,178
S004,P0009,115,681.8975080972921,1363.795016194584,97.41392972818457,1.1805293177360372,134.59644322845418,112.50827641246958,292.24178918455374,321.5355841803607,613.7773733649144,-1248.795016194584,HIGH,HIGH,499
S004,P0010,382,1056.772035066473,2113.544070132946,150.96743358092473,2.5303470486251087,137.79480164158687,111.13236104560265,452.9023007427742,317.60337789851894,770.5056786412931,-1731.5440701329462,HIGH,HIGH,389
S004,P0011,155,695.1358649354306,1392.7390104633585,99.48135789023989,1.558080863462028,139.7387140902873,106.62313027727609,297.9153706866132,304.7165201887581,602.6318908753713,-1237.7390104633585,HIGH,HIGH,448
S004,P0012,85,681.064932076344,1364.5971447451852,97.47122462465609,0.8720522423650621,131.77428180574555,103.96000124190255,291.88497088986173,297.10560677473296,588.9905776645946,-1279.5971447451852,HIGH,HIGH,504
S004,P0013,113,469.9360700300591,939.8721400601182,67.13372429000844,1.6832076753533822,131.3939808481532,104.83602678309296,201.40117287002533,299.6091860057482,501.01035887577353,-826.8721400601182,HIGH,HIGH,389
S004,P0014,386,643.7346736051288,1289.9366278027549,92.13833055733963,4.18935309186858,142.13953488372093,110.99633319527744,275.8862886879123,317.2146261043064,593.1009147922186,-903.9366278027549,HIGH,MEDIUM,208
S004,P0015,56,552.0478697501434,1104.0957395002865,78.8639813928776,0.7100833487092689,137.70725034199725,108.20158350684117,236.59194417863284,309.22755615387166,545.8195003325045,-1048.0957395002865,HIGH,HIGH,490
S004,P0016,314,643.870903910997,1287.7418078219941,91.981557701571,3.4137277933339134,143.33378932968537,107.6979957802064,275.94467310471305,307.7883609316824,583.7330340363955,-973.7418078219941,HIGH,MEDIUM,270
S004,P0017,100,402.08873020935965,804.1774604187193,57.441247172765664,1.7409092755112132,135.59917920656633,107.62738587880963,172.32374151829703,307.586566036067,479.910307554364,-704.1774604187193,HIGH,HIGH,380
S004,P0018,83,1338.221931811913,2676.4438636238256,191.17456168741612,0.4341581812318254,128.62243502051984,103.71676257214219,573.5236850622484,296.41045891298876,869.9341439752372,-2593.4438636238256,HIGH,HIGH,787
S004,P0019,65,1331.979298923155,2666.4258784388076,190.4589913170577,0.34128081615109623,136.52257181942545,110.57376127090852,570.8482709670666,316.0069646335888,886.8552356006553,-2601.4258784388076,HIGH,HIGH,822
S004,P0020,249,1012.831444638743,2025.6628892774859,144.6902063769633,1.720918134232783,135.83994528043775,106.71924678831598,434.07061913088995,304.99121001169425,739.0618291425842,-1776.6628892774859,HIGH,HIGH,491
S005,P0001,300,578.3663193027103,1156.7326386054206,82.62375990038718,3.6309168253984794,131.0547195622435,106.90544927111807,247.87127970116154,305.52335507686354,553.3946347780251,-856.7326386054206,HIGH,MEDIUM,254
S005,P0002,253,676.4231861850498,1352.8463723700995,96.63188374072139,2.6181834629120857,134.3187414500684,105.80630230369552,289.8956512221642,302.38212072913774,592.2777719513019,-1099.8463723700995,HIGH,HIGH,340
S005,P0003,98,1285.855721503912,2574.178723600322,183.86990882859442,0.532985525605262,144.55129958960327,111.92577546777223,551.0810235016766,319.87086414810074,870.9518876497773,-2476.178723600322,HIGH,HIGH,773
S005,P0004,158,401.2085611295905,802.4171222591812,57.315508732798655,2.756670986496625,135.20656634746922,111.78194164252096,171.9465261983959,319.45980378435013,491.406329982746,-644.4171222591812,HIGH,HIGH,334
S005,P0005,372,569.4109740334221,1141.2892286593417,81.52065918995298,4.563260450742861,141.86456908344732,105.77498469281909,244.03327458575234,302.2926186353418,546.3258932210941,-769.2892286593417,HIGH,MEDIUM,175
S005,P0006,491,471.1278680504601,942.2557361009202,67.30398115006572,7.295259383025673,135.25444596443228,107.17878210236412,201.91194345019716,306.30450855617,508.21645200636715,-451.2557361009202,HIGH,LOW,18
S005,P0007,59,1214.057232817909,2428.114465635818,173.43674754541556,0.34018165605043105,138.43775649794802,111.87697449345477,520.3102426362467,319.73139663258917,840.0416392688359,-2369.114465635818,HIGH,HIGH,782
S005,P0008,409,1722.6620803260241,3445.3241606520482,246.09458290371774,1.661962629059647,133.8700410396717,111.20045243513685,738.2837487111531,317.79797517980046,1056.0817238909535,-3036.3241606520482,HIGH,HIGH,648
S005,P0009,319,727.9204996251848,1455.8409992503698,103.98864280359784,3.0676426905820056,136.19425444596442,107.78041105896416,311.9659284107935,308.02389422439427,619.9898226351877,-1136.8409992503698,HIGH,MEDIUM,301
S005,P0010,308,1435.3474247031975,2873.162129998893,205.22586642849234,1.5007854777765923,137.55266757865937,109.45874760751558,615.1488963013703,312.8203851119742,927.9692814133446,-2565.162129998893,HIGH,HIGH,620
S005,P0011,156,1232.641445285857,2465.282890571714,176.0916350408367,0.8859023880596183,136.5581395348837,107.5099376041918,528.2749051225101,307.250912510883,835.525817633393,-2309.282890571714,HIGH,HIGH,680
S005,P0012,495,828.4843527827661,1659.4359861580294,118.53114186843068,4.176117703729278,134.65389876880985,108.37954260526632,355.0647226211854,309.73614258410515,664.8008652052906,-1164.4359861580294,HIGH,MEDIUM,170
S005,P0013,389,907.4794934196347,1814.9589868392693,129.63992763137637,3.000618768517821,139.32147742818057,107.31240690187924,388.91978289412907,306.68639271032384,695.6061756044529,-1425.9589868392693,HIGH,MEDIUM,307
S005,P0014,328,444.2614889400707,888.5229778801414,63.46592699143867,5.168127459073371,137.35841313269495,111.1665792869202,190.39778097431605,317.7011696571565,508.0989506314726,-560.5229778801414,HIGH,MEDIUM,181
S005,P0015,408,1670.429380500229,3340.8587610004583,238.63276864288989,1.7097400424941869,149.24623803009575,115.67931391279532,715.8983059286695,330.5980409847568,1046.4963469134264,-2932.8587610004583,HIGH,HIGH,639
S005,P0016,96,507.1703526697775,1014.3407053395554,72.45290752425396,1.3249985857070476,139.29001367989056,111.57666150807475,217.3587225727618,318.8731370069852,536.2318595797469,-918.3407053395554,HIGH,HIGH,441
S005,P0017,313,1058.8114223875923,2117.6228447751846,151.2587746267989,2.069301439022401,137.28864569083447,108.61727514508995,453.7763238803967,310.41555456612355,764.1918784465203,-1804.6228447751846,HIGH,HIGH,452
S005,P0018,278,1304.2932399282122,2590.0131371219636,185.00093836585455,1.502695080660792,134.15047879616964,109.7959966790991,567.6952147596189,313.78420378117454,881.4794185407934,-2312.0131371219636,HIGH,HIGH,604
S005,P0019,374,569.3409463792794,1138.681892758559,81.33442091132564,4.598299167922413,135.05335157318743,108.6579963160057,244.0032627339769,310.53193094212367,554.5351936761006,-764.6818927585589,HIGH,MEDIUM,181
S005,P0020,117,904.5463547807936,1811.559990154085,129.3971421538632,0.9041930760795162,138.6730506155951,111.1407158114971,387.6627234774829,317.62725484889296,705.2899783263758,-1694.559990154085,HIGH,HIGH,589
